Day	Time	Weather	LocationRank	Side of Town	Incident Rank	Nature	EMSSTAT
2024-00002259	5	0	1	2	NW	2	Transfer/Interfacility	1
2024-00007318	5	0	1	191	SW	1	Traffic Stop	0
2024-00007319	5	0	0	191	NE	5	Contact a Subject	0
2024-00001816	5	0	1	66	E	51	Overdose/Poisoning	1
2024-00002261	5	0	1	66	E	51	Overdose/Poisoning	1
2024-00001815	5	0	0	66	NE	32	Convulsion/Seizure	1
2024-00002260	5	0	0	66	NE	32	Convulsion/Seizure	1
2024-00007320	5	0	1	66	E	6	Suspicious	0
2024-00002262	5	0	1	3	SE	2	Transfer/Interfacility	1
2024-00007322	5	0	1	34	W	32	Supplement Report	0
2024-00007321	5	0	1	191	N	1	Traffic Stop	0
2024-00002264	5	0	1	1	N	2	Transfer/Interfacility	1
2024-00007323	5	0	1	191	SW	5	Contact a Subject	0
2024-00007328	5	0	0	191	NE	64	Reckless Driving	0
2024-00007324	5	1	0	191	N	6	Suspicious	0
2024-00007325	5	1	0	191	NW	9	Larceny	0
2024-00007327	5	1	0	191	SW	1	Traffic Stop	0
2024-00001817	5	1	0	191	SE	73	Fire Carbon Monoxide Alarm	0
2024-00002263	5	1	0	2	NW	2	Transfer/Interfacility	1
2024-00007332	5	2	0	66	NE	7	Alarm	0
2024-00007330	5	2	1	191	E	32	Burglary	0
2024-00007331	5	2	1	66	SW	7	Alarm	0
2024-00007333	5	2	1	191	W	1	Traffic Stop	0
2024-00001818	5	3	1	66	S	51	Overdose/Poisoning	1
2024-00002265	5	3	1	66	S	51	Overdose/Poisoning	1
2024-00007334	5	3	1	66	NE	6	Suspicious	0
2024-00007335	5	3	3	191	NE	13	Check Area	0
2024-00007336	5	3	1	191	NW	6	Suspicious	0
2024-00007338	5	4	1	191	NW	6	Suspicious	0
2024-00007337	5	4	0	191	NE	5	Contact a Subject	0
2024-00007339	5	4	51	191	W	4	Disturbance/Domestic	0
2024-00002267	5	4	1	21	SW	3	Sick Person	1
2024-00001819	5	4	1	66	N	23	Chest Pain	1
2024-00002266	5	4	1	66	N	23	Chest Pain	1
2024-00001820	5	4	1	15	W	3	Sick Person	1
2024-00002268	5	4	1	15	W	3	Sick Person	1
2024-00007340	5	5	1	191	N	6	Suspicious	0
2024-00007341	5	5	1	191	SW	42	COP Relationships	0
2024-00002269	5	5	1	2	NW	2	Transfer/Interfacility	1
2024-00007342	5	5	1	191	NE	6	Suspicious	0
2024-00007343	5	5	0	191	N	5	Contact a Subject	0
2024-00001821	5	6	1	21	S	45	Abdominal Pains/Problems	1
2024-00002270	5	6	1	21	S	45	Abdominal Pains/Problems	1
2024-00007349	5	6	1	191	W	64	Debris in Roadway	0
2024-00007344	5	6	3	191	NE	48	Stolen Vehicle	0
2024-00002271	5	6	1	1	N	2	Transfer/Interfacility	1
2024-00002275	5	6	1	2	NW	2	Transfer/Interfacility	1
2024-00007345	5	7	1	191	N	6	Suspicious	0
2024-00007346	5	7	0	191	N	15	MVA Non Injury	0
2024-00001822	5	7	1	66	SE	17	Hemorrhage/Lacerations	1
2024-00002272	5	7	1	66	SE	17	Hemorrhage/Lacerations	1
2024-00001823	5	7	0	11	N	17	Hemorrhage/Lacerations	1
2024-00002273	5	7	0	11	N	17	Hemorrhage/Lacerations	1
2024-00007347	5	7	1	191	S	11	Trespassing	0
2024-00007348	5	7	1	191	N	6	Suspicious	0
2024-00007351	5	7	1	191	N	7	Alarm	0
2024-00007352	5	8	1	191	SE	27	Animal at Large	0
2024-00007350	5	8	0	191	N	25	Animal Dead	0
2024-00007353	5	8	3	191	NE	27	Animal at Large	0
2024-00007354	5	8	3	191	NW	27	Animal at Large	0
2024-00007355	5	8	0	191	NE	15	MVA Non Injury	0
2024-00001824	5	8	1	66	SE	27	Medical Call Pd Requested	1
2024-00002274	5	8	1	66	SE	27	Medical Call Pd Requested	1
2024-00007356	5	8	1	191	SW	9	Larceny	0
2024-00007357	5	8	1	191	N	9	Larceny	0
2024-00007369	5	8	1	191	N	17	Harassment / Threats Report	0
2024-00007359	5	8	1	191	SE	73	Barking Dog	0
2024-00002276	5	8	1	11	N	3	Sick Person	1
2024-00007358	5	8	1	191	W	4	Disturbance/Domestic	0
2024-00007360	5	8	1	191	W	32	Burglary	0
2024-00001825	5	8	1	66	SE	32	Convulsion/Seizure	1
2024-00002277	5	8	1	66	SE	82	Assist Fire	1
2024-00001826	5	8	1	34	W	19	Cardiac Respritory Arrest	1
2024-00002278	5	8	1	34	W	19	Cardiac Respritory Arrest	1
2024-00002279	5	8	1	2	NW	2	Transfer/Interfacility	1
2024-00007367	5	9	0	191	NE	9	Larceny	0
2024-00007361	5	9	1	191	SE	73	Animal Livestock	0
2024-00007362	5	9	0	21	N	16	Parking Problem	0
2024-00007364	5	9	1	191	NE	82	Animal Injured	0
2024-00007363	5	9	1	191	NE	4	Disturbance/Domestic	0
2024-00007366	5	9	1	11	NE	5	Contact a Subject	0
2024-00007365	5	9	1	191	SE	38	Mutual Aid	0
2024-00002280	5	9	1	5	N	2	Transfer/Interfacility	1
2024-00007368	5	9	1	191	SE	1	Traffic Stop	0
2024-00007372	5	9	1	191	N	17	Harassment / Threats Report	0
2024-00007370	5	9	1	191	SE	1	Traffic Stop	0
2024-00007371	5	9	1	66	N	73	Drug Violation	0
2024-00007379	5	9	1	191	W	13	Check Area	0
2024-00007373	5	9	0	191	N	51	COP Problem Solving	0
2024-00002281	5	9	1	5	N	2	Transfer/Interfacility	1
2024-00007374	5	9	1	191	SE	51	Item Assignment	0
2024-00007375	5	9	1	191	NE	64	Animal Complaint	0
2024-00007376	5	9	1	191	SW	1	Traffic Stop	0
2024-00001827	5	9	1	191	SE	23	Public Assist	0
2024-00007377	5	10	71	191	W	1	Traffic Stop	0
2024-00007378	5	10	1	191	NE	48	Stolen Vehicle	0
2024-00002282	5	10	1	2	NW	2	Transfer/Interfacility	1
2024-00007389	5	10	1	34	NW	51	Assault	0
2024-00007387	5	10	1	15	SE	27	Fraud	0
2024-00007383	5	10	1	191	SE	25	Animal Dead	0
2024-00007381	5	10	1	66	E	5	Contact a Subject	0
2024-00001828	5	10	1	66	N	23	Chest Pain	1
2024-00002283	5	10	1	66	N	23	Chest Pain	1
2024-00002284	5	10	1	191	S	10	Falls	1
2024-00002287	5	10	1	1	N	2	Transfer/Interfacility	1
2024-00007386	5	10	63	66	W	17	Harassment / Threats Report	0
2024-00007382	5	10	1	191	S	16	Parking Problem	0
2024-00007384	5	10	1	191	SE	16	Parking Problem	0
2024-00001829	5	10	1	66	E	3	Sick Person	1
2024-00002285	5	10	1	66	E	3	Sick Person	1
2024-00001830	5	10	0	11	N	10	Falls	1
2024-00002286	5	10	0	11	N	10	Falls	1
2024-00007388	5	10	1	191	NE	42	Animal Trapped	0
2024-00007399	5	10	1	4	NE	48	Found Item	0
2024-00007391	5	11	2	66	N	9	Larceny	0
2024-00001831	5	11	1	66	SE	17	Hemorrhage/Lacerations	1
2024-00002288	5	11	1	66	SE	17	Hemorrhage/Lacerations	1
2024-00007401	5	11	2	34	NW	51	Assault	0
2024-00007390	5	11	0	191	E	4	Disturbance/Domestic	0
2024-00001832	5	11	3	66	NE	3	Sick Person	1
2024-00002289	5	11	3	66	NE	3	Sick Person	1
2024-00007392	5	11	0	191	N	1	Traffic Stop	0
2024-00007393	5	11	51	191	NW	51	Item Assignment	0
2024-00001833	5	11	1	66	S	3	Sick Person	1
2024-00002290	5	11	1	66	S	3	Sick Person	1
2024-00007395	5	11	2	66	N	27	Animal at Large	0
2024-00007398	5	11	0	191	E	27	Fraud	0
2024-00007394	5	11	2	66	N	5	Contact a Subject	0
2024-00007396	5	11	2	191	NW	1	Traffic Stop	0
2024-00007397	5	11	3	191	NE	1	Traffic Stop	0
2024-00001834	5	11	2	66	W	11	Breathing Problems	1
2024-00002291	5	11	2	66	W	11	Breathing Problems	1
2024-00007400	5	11	2	66	SE	4	Disturbance/Domestic	0
2024-00007402	5	11	0	191	NE	38	Runaway or Lost Child	0
2024-00007404	5	11	2	191	W	32	Supplement Report	0
2024-00007403	5	12	1	191	N	14	Follow Up	0
2024-00007405	5	12	2	191	SE	6	Suspicious	0
2024-00007406	5	12	0	191	NW	42	Animal Trapped	0
2024-00007420	5	12	1	191	W	9	Larceny	0
2024-00001835	5	12	1	66	NW	3	Sick Person	1
2024-00002292	5	12	1	66	NW	3	Sick Person	1
2024-00007416	5	12	0	191	E	42	Animal Trapped	0
2024-00007407	5	12	2	66	SE	4	Disturbance/Domestic	0
2024-00007408	5	12	3	191	NE	1	Traffic Stop	0
2024-00007409	5	12	1	191	N	15	MVA Non Injury	0
2024-00001838	5	12	2	21	SE	3	Sick Person	1
2024-00002295	5	12	2	21	SE	3	Sick Person	1
2024-00007410	5	12	2	21	SE	4	Disturbance/Domestic	1
2024-00007424	5	12	2	21	SE	32	Burglary	1
2024-00001836	5	12	3	34	NE	27	MVA With Injuries	1
2024-00002293	5	12	3	34	NE	27	MVA With Injuries	1
2024-00007411	5	12	3	34	NE	32	Hit and Run	1
2024-00007417	5	12	53	191	W	27	Animal at Large	0
2024-00002294	5	12	1	34	W	82	EMS Mutual Aid	1
2024-00007412	5	12	1	34	N	32	Hit and Run	0
2024-00007415	5	12	2	191	S	38	Mutual Aid	0
2024-00007413	5	12	2	191	SE	51	COP Problem Solving	0
2024-00001837	5	12	1	191	SE	23	Public Assist	0
2024-00007414	5	12	1	66	N	1	Traffic Stop	0
2024-00002296	5	12	1	191	E	3	Sick Person	1
2024-00007418	5	13	0	191	NE	13	Check Area	0
2024-00001839	5	13	3	66	SW	10	Falls	1
2024-00002297	5	13	3	66	SW	10	Falls	1
2024-00002299	5	13	3	2	NW	2	Transfer/Interfacility	1
2024-00002298	5	13	3	1	N	2	Transfer/Interfacility	1
2024-00007423	5	13	1	191	SE	11	Trespassing	0
2024-00007421	5	13	3	66	N	73		0
2024-00007422	5	13	0	191	E	16	Parking Problem	0
2024-00001841	5	13	3	7	SE	3	Sick Person	1
2024-00002301	5	13	3	7	SE	3	Sick Person	1
2024-00007425	5	13	3	7	SE	14	Follow Up	1
2024-00007428	5	13	3	191	NW	13	Check Area	0
2024-00007426	5	13	3	66	N	73	Fight	0
2024-00007427	5	13	3	191	SE	1	Traffic Stop	0
2024-00007429	5	13	1	191	NE	5	Contact a Subject	0
2024-00007432	5	13	3	66	NE	17	Harassment / Threats Report	0
2024-00002307	5	13	3	1	N	2	Transfer/Interfacility	1
2024-00007430	5	13	3	191	N	1	Traffic Stop	0
2024-00001840	5	13	3	66	NE	32	Diabetic Problems	1
2024-00002300	5	13	3	66	NE	32	Diabetic Problems	1
2024-00007431	5	13	53	191	W	5	Contact a Subject	0
2024-00007433	5	13	0	66	N	9	Larceny	0
2024-00007443	5	13	0	191	E	15	MVA Non Injury	0
2024-00007434	5	13	3	191	SE	51	COP Problem Solving	0
2024-00007435	5	13	53	191	NW	5	Contact a Subject	0
2024-00007436	5	13	0	191	N	1	Traffic Stop	0
2024-00007478	5	13	1	191	NE	32	Burglary	0
2024-00007437	5	13	0	191	E	1	Traffic Stop	0
2024-00002303	5	13	3	1	N	2	Transfer/Interfacility	1
2024-00007440	5	13	53	191	W	16	Parking Problem	0
2024-00007439	5	13	3	191	SE	5	Contact a Subject	0
2024-00007441	5	13	3	191	W	1	Traffic Stop	0
2024-00007442	5	14	3	21	NE	14	Follow Up	0
2024-00007461	5	14	61	34	W	9	Larceny	0
2024-00007444	5	14	2	191	NE	1	Traffic Stop	0
2024-00007445	5	14	2	191	N	1	Traffic Stop	0
2024-00007448	5	14	0	191	N	8	Welfare Check	0
2024-00007446	5	14	2	191	N	1	Traffic Stop	0
2024-00007447	5	14	2	34	NW	14	Follow Up	0
2024-00002302	5	14	2	1	N	2	Transfer/Interfacility	1
2024-00007455	5	14	1	66	SE	48	Found Item	0
2024-00007458	5	14	2	34	SW	27	Fraud	0
2024-00007449	5	14	1	191	NE	16	Parking Problem	0
2024-00002308	5	14	2	1	N	2	Transfer/Interfacility	1
2024-00007454	5	14	2	191	W	19	911 Call Nature Unknown	0
2024-00007451	5	14	1	191	NE	4	Disturbance/Domestic	0
2024-00007450	5	14	1	191	NE	73	Stake Out	0
2024-00007453	5	14	2	191	SE	13	Check Area	0
2024-00007452	5	14	2	66	N	1	Traffic Stop	0
2024-00007456	5	14	2	191	E	1	Traffic Stop	0
2024-00007457	5	14	2	191	N	25	Animal Dead	0
2024-00001842	5	14	1	66	N	19	Allergies/Envenomations	1
2024-00002304	5	14	1	66	N	19	Allergies/Envenomations	1
2024-00001843	5	14	2	7	SE	3	Sick Person	1
2024-00002305	5	14	2	7	SE	3	Sick Person	1
2024-00007459	5	14	3	191	E	19	911 Call Nature Unknown	0
2024-00002342	5	14	2	2	NW	2	Transfer/Interfacility	1
2024-00007460	5	14	3	34	NE	5	Contact a Subject	0
2024-00002327	5	14	2	1	N	2	Transfer/Interfacility	1
2024-00007464	5	14	2	66	N	5	Contact a Subject	0
2024-00007462	5	14	2	191	SE	48	Stolen Vehicle	0
2024-00007463	5	14	2	191	S	14	Follow Up	0
2024-00001844	5	15	1	66	NW	19	Allergies/Envenomations	1
2024-00002306	5	15	1	66	NW	19	Allergies/Envenomations	1
2024-00007466	5	15	1	191	NW	73	Animal Livestock	0
2024-00007465	5	15	1	191	W	1	Traffic Stop	0
2024-00007473	5	15	3	191	NE	7	Alarm	0
2024-00007467	5	15	0	191	NW	1	Traffic Stop	0
2024-00007469	5	15	1	11	NE	4	Disturbance/Domestic	0
2024-00007475	5	15	1	191	SE	9	Larceny	0
2024-00007468	5	15	3	34	NE	4	Disturbance/Domestic	0
2024-00007470	5	15	0	191	S	5	Contact a Subject	0
2024-00007472	5	15	1	191	SE	38	Mutual Aid	0
2024-00007471	5	15	0	191	N	1	Traffic Stop	0
2024-00007488	5	15	1	66	NE	51	Missing Person	0
2024-00007474	5	15	51	191	NE	64	Road Rage	0
2024-00007476	5	15	1	34	W	51	Assault	0
2024-00007477	5	15	0	191	N	25	Animal Dead	0
2024-00002309	5	15	1	1	N	2	Transfer/Interfacility	1
2024-00007479	5	15	1	191	N	42	COP Relationships	0
2024-00007480	5	15	1	66	W	5	Contact a Subject	0
2024-00007481	5	15	1	191	W	1	Traffic Stop	0
2024-00007508	5	15	1	1	N	45	Escort/Transport	0
2024-00007484	5	15	1	66	SW	9	Larceny	0
2024-00007483	5	15	1	191	NE	8	Welfare Check	0
2024-00002338	5	16	0	2	NW	2	Transfer/Interfacility	1
2024-00001846	5	16	51	34	NE	27	MVA With Injuries	1
2024-00002311	5	16	51	34	NE	27	MVA With Injuries	1
2024-00007482	5	16	51	34	NE	48	Drunk Driver	1
2024-00001845	5	16	0	66	SE	10	Falls	1
2024-00002310	5	16	0	66	SE	10	Falls	1
2024-00007485	5	16	0	191	SE	1	Traffic Stop	0
2024-00007486	5	16	3	7	NE	4	Disturbance/Domestic	0
2024-00007489	5	16	0	15	S	19	911 Call Nature Unknown	0
2024-00002313	5	16	0	3	SE	2	Transfer/Interfacility	1
2024-00002317	5	16	0	2	NW	2	Transfer/Interfacility	1
2024-00002316	5	16	0	3	SE	2	Transfer/Interfacility	1
2024-00001847	5	16	2	34	NE	19	Cardiac Respritory Arrest	1
2024-00002312	5	16	2	34	NE	19	Cardiac Respritory Arrest	1
2024-00007487	5	16	2	34	NE	51	Body Reported	1
2024-00002314	5	16	0	2	NW	2	Transfer/Interfacility	1
2024-00007492	5	16	1	191	E	51	Civil Standby	0
2024-00007490	5	16	0	191	N	6	Suspicious	0
2024-00007491	5	16	0	191	NW	51	Open Door/Premises Check	0
2024-00007493	5	16	0	191	NW	5	Contact a Subject	0
2024-00007501	5	16	0	66	SW	19	911 Call Nature Unknown	0
2024-00007494	5	16	0	191	SE	64	Alarm Holdup/Panic	0
2024-00001848	5	16	0	3	SE	10	Falls	1
2024-00002315	5	16	0	3	SE	10	Falls	1
2024-00002334	5	16	0	3	SE	2	Transfer/Interfacility	1
2024-00007499	5	17	1	191	N	13	Check Area	0
2024-00007502	5	17	2	191	N	32	Hit and Run	0
2024-00002324	5	17	1	1	N	2	Transfer/Interfacility	1
2024-00007495	5	17	2	66	SW	42	Vandalism	0
2024-00007496	5	17	0	191	N	42	COP Relationships	0
2024-00007497	5	17	2	191	E	42	COP Relationships	0
2024-00007498	5	17	1	191	NE	42	COP Relationships	0
2024-00007518	5	17	2	191	SW	27	Fraud	0
2024-00007500	5	17	0	66	SW	6	Suspicious	0
2024-00001849	5	17	1	191	NE	23	Public Assist	0
2024-00007505	5	17	3	191	NW	32	Hit and Run	0
2024-00007503	5	17	0	191	E	14	Follow Up	0
2024-00001851	5	17	0	66	SW	17	Hemorrhage/Lacerations	1
2024-00002319	5	17	0	66	SW	17	Hemorrhage/Lacerations	1
2024-00001850	5	17	1	66	W	3	Sick Person	1
2024-00002318	5	17	1	66	W	3	Sick Person	1
2024-00007504	5	17	2	191	SW	32	Supplement Report	0
2024-00007507	5	17	61	34	W	32	Burglary	0
2024-00007506	5	17	2	34	SW	14	Follow Up	0
2024-00007509	5	17	1	191	E	1	Traffic Stop	0
2024-00007510	5	17	2	191	E	1	Traffic Stop	0
2024-00002329	5	17	1	2	NW	2	Transfer/Interfacility	1
2024-00007511	5	17	2	191	SE	82	Indecent Exposure	0
2024-00002332	5	17	1	1	N	2	Transfer/Interfacility	1
2024-00007512	5	17	2	191	SW	82	Public Intoxication	0
2024-00002320	5	17	1	6	SE	3	Sick Person	1
2024-00002321	5	17	1	11	N	3	Sick Person	1
2024-00007513	5	17	0	191	NE	4	Disturbance/Domestic	0
2024-00001852	5	17	0	11	N	23	Chest Pain	1
2024-00002322	5	17	0	11	N	23	Chest Pain	1
2024-00001853	5	17	1	34	W	19	Cardiac Respritory Arrest	1
2024-00002323	5	17	1	34	W	19	Cardiac Respritory Arrest	1
2024-00007514	5	17	0	66	SW	6	Suspicious	0
2024-00002341	5	18	0	1	N	2	Transfer/Interfacility	1
2024-00007538	5	18	0	191	N	32	Hit and Run	0
2024-00001854	5	18	1	66	SE	3	Sick Person	1
2024-00002325	5	18	1	66	SE	3	Sick Person	1
2024-00007517	5	18	3	4	NE	4	Disturbance/Domestic	0
2024-00007516	5	18	0	191	N	9	Larceny	0
2024-00001855	5	18	0	66	E	10	Falls	1
2024-00002326	5	18	0	66	E	10	Falls	1
2024-00001856	5	18	0	66	N	82	Fire Gas Leak	0
2024-00001857	5	18	3	4	NE	3	Sick Person	1
2024-00002328	5	18	3	4	NE	3	Sick Person	1
2024-00007519	5	18	0	34	N	17	Harassment / Threats Report	0
2024-00002333	5	18	0	5	N	2	Transfer/Interfacility	1
2024-00007521	5	18	1	191	NE	8	Welfare Check	0
2024-00001858	5	18	2	66	NE	32	Convulsion/Seizure	1
2024-00002330	5	18	2	66	NE	32	Convulsion/Seizure	1
2024-00007520	5	18	0	15	SE	4	Disturbance/Domestic	0
2024-00007522	5	18	2	191	E	4	Disturbance/Domestic	0
2024-00007523	5	19	3	191	NE	13	Check Area	0
2024-00001859	5	19	1	34	SE	19	Cardiac Respritory Arrest	1
2024-00002331	5	19	1	34	SE	19	Cardiac Respritory Arrest	1
2024-00007525	5	19	1	34	SE	51	Body Reported	1
2024-00007524	5	19	0	191	W	64	Shots Heard	0
2024-00007526	5	19	0	191	SE	14	Follow Up	0
2024-00007527	5	19	63	191	W	8	Welfare Check	0
2024-00007528	5	19	1	191	E	7	Alarm	0
2024-00007529	5	19	0	15	S	19	911 Call Nature Unknown	0
2024-00002344	5	19	0	1	N	2	Transfer/Interfacility	1
2024-00007564	5	19	0	191	N	5	Contact a Subject	0
2024-00007530	5	19	0	191	SW	32	Burglary	0
2024-00007531	5	19	0	34	SE	6	Suspicious	0
2024-00007532	5	19	0	15	S	19	911 Call Nature Unknown	0
2024-00007534	5	19	1	191	E	6	Suspicious	0
2024-00002336	5	19	0	3	SE	2	Transfer/Interfacility	1
2024-00007533	5	19	0	191	E	1	Traffic Stop	0
2024-00001860	5	19	53	191	NW	23	Public Assist	0
2024-00001861	5	20	0	66	N	27	Medical Call Pd Requested	1
2024-00002335	5	20	0	66	N	27	Medical Call Pd Requested	1
2024-00007535	5	20	1	191	NE	8	Welfare Check	0
2024-00007536	5	20	0	191	E	48	Drunk Driver	0
2024-00007537	5	20	0	191	N	1	Traffic Stop	0
2024-00002337	5	20	0	3	SE	2	Transfer/Interfacility	1
2024-00001862	5	20	61	66	W	25	Fire Alarm	0
2024-00002339	5	20	0	2	NW	2	Transfer/Interfacility	1
2024-00007540	5	20	1	66	SE	4	Disturbance/Domestic	0
2024-00007539	5	20	0	191	N	1	Traffic Stop	0
2024-00007541	5	20	2	21	NE	6	Suspicious	0
2024-00007542	5	20	0	191	E	32	Burglary	0
2024-00007543	5	20	1	15	N	5	Contact a Subject	0
2024-00007544	5	20	3	4	NE	4	Disturbance/Domestic	0
2024-00001863	5	20	0	66	N	11	Breathing Problems	1
2024-00002340	5	20	0	66	N	11	Breathing Problems	1
2024-00001864	5	21	0	66	N	51	Heart Problems/AICD	1
2024-00002343	5	21	0	66	N	51	Heart Problems/AICD	1
2024-00007545	5	21	0	191	SE	4	Disturbance/Domestic	0
2024-00007546	5	21	3	11	NE	51	Open Door/Premises Check	0
2024-00001865	5	21	2	66	NE	27	Medical Call Pd Requested	1
2024-00002345	5	21	2	66	NE	27	Medical Call Pd Requested	1
2024-00001866	5	21	0	34	SE	11	Breathing Problems	1
2024-00002346	5	21	0	34	SE	11	Breathing Problems	1
2024-00007547	5	21	0	191	SE	5	Contact a Subject	0
2024-00007548	5	21	0	7	SE	9	Larceny	0
2024-00007549	5	21	3	7	NE	8	Welfare Check	0
2024-00007550	5	21	0	66	S	1	Traffic Stop	0
2024-00002347	5	21	0	2	NW	2	Transfer/Interfacility	1
2024-00007551	5	21	0	7	SE	9	Larceny	0
2024-00007552	5	21	0	7	SE	32	Motorist Assist	0
2024-00007553	5	22	0	66	N	1	Traffic Stop	0
2024-00007554	5	22	0	191	S	1	Traffic Stop	0
2024-00001867	5	22	3	7	NE	3	Sick Person	1
2024-00002348	5	22	3	7	NE	3	Sick Person	1
2024-00007556	5	22	3	7	NE	4	Disturbance/Domestic	1
2024-00007555	5	22	0	191	SE	1	Traffic Stop	0
2024-00002349	5	22	0	1	N	2	Transfer/Interfacility	1
2024-00007557	5	22	1	191	N	8	Welfare Check	0
2024-00002351	5	22	0	1	N	2	Transfer/Interfacility	1
2024-00007558	5	22	1	66	E	6	Suspicious	0
2024-00007562	5	22	0	191	W	6	Suspicious	0
2024-00007559	5	22	0	191	E	5	Contact a Subject	0
2024-00001868	5	22	0	66	NW	51	Back Pain	1
2024-00002350	5	22	0	66	NW	51	Back Pain	1
2024-00007560	5	22	0	191	SE	5	Contact a Subject	0
2024-00007561	5	22	0	66	E	5	Contact a Subject	0
2024-00007565	5	22	0	191	SW	7	Alarm	0
2024-00007563	5	22	1	191	SE	1	Traffic Stop	0
2024-00001869	5	22	0	34	W	23	Public Assist	0
2024-00007567	5	22	2	191	NE	7	Alarm	0
2024-00001870	5	22	0	34	SE	3	Sick Person	1
2024-00002353	5	22	0	34	SE	3	Sick Person	1
2024-00007566	5	22	0	34	SE	5	Contact a Subject	1
2024-00002352	5	22	0	1	N	2	Transfer/Interfacility	1
2024-00007568	5	22	0	191	NW	1	Traffic Stop	0
2024-00007570	5	23	0	191	NE	14	Follow Up	0
2024-00007569	5	23	0	191	NW	32	Motorist Assist	0
2024-00007571	5	23	1	191	NE	1	Traffic Stop	0
2024-00007572	5	23	1	191	SW	13	Check Area	0
2024-00007574	5	23	1	191	SE	4	Disturbance/Domestic	0
2024-00007573	5	23	1	191	NE	1	Traffic Stop	0
2024-00007575	5	23	1	191	W	1	Traffic Stop	0
2024-00007576	5	23	1	66	N	6	Suspicious	0
2024-00007577	5	23	3	66	N	38	Noise Complaint	0
2024-00007578	5	23	0	191	S	1	Traffic Stop	0
2024-00007579	5	23	3	66	N	13	Check Area	0
2024-00007580	5	23	1	191	SE	32	Motorist Assist	0
2024-00007581	5	23	1	191	SE	13	Check Area	0
2024-00007836	7	0	3	66	W	13	Check Area	0
2024-00001926	7	0	3	34	E	32	Convulsion/Seizure	1
2024-00002430	7	0	3	34	E	32	Convulsion/Seizure	1
2024-00007837	7	0	0	66	N	4	Disturbance/Domestic	0
2024-00001927	7	0	3	34	S	19	Unconscious/Fainting	1
2024-00002431	7	0	3	34	S	19	Unconscious/Fainting	1
2024-00007838	7	0	51	191	W	14	Follow Up	0
2024-00002436	7	0	3	5	N	2	Transfer/Interfacility	1
2024-00007839	7	0	3	191	NW	6	Suspicious	0
2024-00007840	7	0	3	15	S	27	Fraud	0
2024-00001928	7	0	3	34	NW	27	Assault EMS Needed	1
2024-00002432	7	0	3	34	NW	27	Assault EMS Needed	1
2024-00007841	7	0	3	34	NW	4	Disturbance/Domestic	1
2024-00007842	7	0	0	66	N	4	Disturbance/Domestic	0
2024-00007843	7	1	3	191	N	73	Drug Violation	0
2024-00007844	7	1	0	191	NE	42	Vandalism	0
2024-00007845	7	1	1	21	NE	38	Noise Complaint	0
2024-00002437	7	1	3	2	NW	2	Transfer/Interfacility	1
2024-00001929	7	1	0	21	W	27	Assault EMS Needed	1
2024-00002434	7	1	0	21	W	27	Assault EMS Needed	1
2024-00002435	7	1	0	21	W	27	Assault EMS Needed	1
2024-00007846	7	1	0	21	W	73	Fight	1
2024-00007847	7	1	3	191	SW	38	Mutual Aid	0
2024-00007848	7	1	3	11	NE	6	Suspicious	0
2024-00001930	7	1	2	191	NE	23	Public Assist	0
2024-00007849	7	2	53	191	SE	4	Disturbance/Domestic	0
2024-00001931	7	2	3	21	N	27	MVA With Injuries	1
2024-00002438	7	2	3	21	N	27	MVA With Injuries	1
2024-00007850	7	2	3	21	N	27	MVA With Injuries	1
2024-00007851	7	2	0	191	E	48	Drunk Driver	0
2024-00007852	7	2	55	191	N	38	Noise Complaint	0
2024-00007855	7	2	71	191	W	13	Check Area	0
2024-00001933	7	2	3	21	N	27	Assault EMS Needed	1
2024-00002440	7	2	3	21	N	27	Assault EMS Needed	1
2024-00007853	7	2	3	21	N	4	Disturbance/Domestic	1
2024-00007854	7	2	55	191	NW	7	Alarm	0
2024-00001932	7	2	55	66	N	11	Breathing Problems	1
2024-00002439	7	2	55	66	N	11	Breathing Problems	1
2024-00007867	7	2	53	3	SE	45	Escort/Transport	0
2024-00007856	7	2	55	191	N	4	Disturbance/Domestic	0
2024-00007857	7	2	55	66	NW	4	Disturbance/Domestic	0
2024-00007858	7	3	1	191	S	6	Suspicious	0
2024-00007860	7	3	0	4	NE	6	Suspicious	0
2024-00007859	7	3	3	21	N	4	Disturbance/Domestic	0
2024-00001934	7	3	51	34	E	64	Traumatic Injury	1
2024-00002441	7	3	51	34	E	64	Traumatic Injury	1
2024-00007861	7	3	51	34	E	32	Hit and Run	1
2024-00001935	7	3	1	21	W	51	Heart Problems/AICD	1
2024-00002442	7	3	1	21	W	51	Heart Problems/AICD	1
2024-00002443	7	3	51	3	SE	2	Transfer/Interfacility	1
2024-00007862	7	3	3	191	N	73	Stake Out	0
2024-00007864	7	3	51	15	S	5	Contact a Subject	0
2024-00007863	7	4	51	34	N	8	Welfare Check	0
2024-00002446	7	4	51	1	N	2	Transfer/Interfacility	1
2024-00001936	7	4	51	15	NW	10	Falls	1
2024-00002444	7	4	51	15	NW	10	Falls	1
2024-00007866	7	4	51	66	SW	73	Barking Dog	0
2024-00002445	7	4	51	5	N	2	Transfer/Interfacility	1
2024-00007865	7	4	51	66	SW	7	Alarm	0
2024-00007868	7	5	0	191	E	7	Alarm	0
2024-00002447	7	5	51	1	N	2	Transfer/Interfacility	1
2024-00007869	7	5	61	15	S	19	911 Call Nature Unknown	0
2024-00007870	7	5	51	66	NW	51	Assault	0
2024-00001937	7	5	63	66	E	11	Breathing Problems	1
2024-00002448	7	5	63	66	E	11	Breathing Problems	1
2024-00007871	7	6	3	191	NE	51	Pick Up Partner	0
2024-00007872	7	6	0	191	E	7	Alarm	0
2024-00002449	7	6	61	191	SW	3	Sick Person	1
2024-00002452	7	6	61	2	NW	2	Transfer/Interfacility	1
2024-00001938	7	6	61	66	SE	3	Sick Person	1
2024-00002450	7	6	61	66	SE	3	Sick Person	1
2024-00002451	7	6	61	11	N	10	Falls	1
2024-00007873	7	6	61	191	N	8	Welfare Check	0
2024-00007875	7	7	0	191	NE	7	Alarm	0
2024-00007876	7	7	0	191	NE	7	Alarm	0
2024-00007874	7	7	55	15	SE	82	Car Jacking	0
2024-00007877	7	7	55	34	N	9	Larceny	0
2024-00007879	7	7	55	191	W	7	Alarm	0
2024-00007878	7	7	55	191	E	7	Alarm	0
2024-00007880	7	7	55	191	NW	1	Traffic Stop	0
2024-00007881	7	7	0	9	E	1	Traffic Stop	0
2024-00001939	7	7	1	6	SE	19	Cardiac Respritory Arrest	1
2024-00002453	7	7	1	6	SE	19	Cardiac Respritory Arrest	1
2024-00001940	7	7	3	66	N	3	Sick Person	1
2024-00002454	7	7	3	66	N	3	Sick Person	1
2024-00007882	7	8	51	34	N	11	Trespassing	0
2024-00007883	7	8	51	191	SE	7	Alarm	0
2024-00007884	7	8	1	191	W	1	Traffic Stop	0
2024-00001941	7	8	0	191	E	23	Public Assist	0
2024-00007885	7	8	63	191	E	5	Contact a Subject	0
2024-00007886	7	8	0	66	NE	1	Traffic Stop	0
2024-00007887	7	8	0	9	E	1	Traffic Stop	0
2024-00007888	7	8	0	9	E	1	Traffic Stop	0
2024-00007889	7	8	3	191	N	1	Traffic Stop	0
2024-00007890	7	8	0	9	E	1	Traffic Stop	0
2024-00001942	7	8	0	4	NE	17	Hemorrhage/Lacerations	1
2024-00002455	7	8	0	4	NE	3	Sick Person	1
2024-00007892	7	8	0	4	NE	8	Welfare Check	1
2024-00007891	7	8	0	66	NE	1	Traffic Stop	0
2024-00001943	7	8	1	6	SE	19	Unconscious/Fainting	1
2024-00002456	7	8	1	6	SE	19	Unconscious/Fainting	1
2024-00007894	7	8	51	191	SE	7	Alarm	0
2024-00007893	7	8	0	9	E	1	Traffic Stop	0
2024-00007895	7	8	0	9	E	1	Traffic Stop	0
2024-00007897	7	8	51	191	SE	32	Hit and Run	0
2024-00007896	7	8	51	66	NW	1	Traffic Stop	0
2024-00007898	7	8	0	9	E	1	Traffic Stop	0
2024-00007899	7	9	0	191	E	1	Traffic Stop	0
2024-00007900	7	9	3	66	NW	1	Traffic Stop	0
2024-00007902	7	9	0	66	N	4	Disturbance/Domestic	0
2024-00007903	7	9	3	191	E	7	Alarm	0
2024-00007901	7	9	0	9	E	1	Traffic Stop	0
2024-00007904	7	9	3	34	S	7	Alarm	0
2024-00007905	7	9	3	66	NW	1	Traffic Stop	0
2024-00007906	7	9	3	191	NW	1	Traffic Stop	0
2024-00007907	7	9	3	191	NW	1	Traffic Stop	0
2024-00007909	7	9	3	15	SE	4	Disturbance/Domestic	0
2024-00007908	7	9	3	191	NW	1	Traffic Stop	0
2024-00007910	7	9	3	191	NE	17	Harassment / Threats Report	0
2024-00001944	7	9	3	66	E	17	Hemorrhage/Lacerations	1
2024-00002457	7	9	3	66	E	17	Hemorrhage/Lacerations	1
2024-00002458	7	9	3	3	SE	2	Transfer/Interfacility	1
2024-00007911	7	9	0	9	E	1	Traffic Stop	0
2024-00007912	7	9	0	191	NE	1	Traffic Stop	0
2024-00007913	7	9	3	191	NW	4	Disturbance/Domestic	0
2024-00007914	7	9	3	191	SW	7	Alarm	0
2024-00002462	7	9	3	2	NW	2	Transfer/Interfacility	1
2024-00001945	7	9	3	66	S	27	Medical Call Pd Requested	1
2024-00002459	7	9	3	66	S	27	Medical Call Pd Requested	1
2024-00001946	7	9	3	34	NE	27	Assault EMS Needed	1
2024-00002460	7	9	3	34	NE	27	Assault EMS Needed	1
2024-00007915	7	9	3	34	NE	4	Disturbance/Domestic	1
2024-00007916	7	9	3	191	SE	4	Disturbance/Domestic	0
2024-00001947	7	10	0	66	SE	11	Breathing Problems	1
2024-00002461	7	10	0	66	SE	11	Breathing Problems	1
2024-00007917	7	10	3	191	SE	4	Disturbance/Domestic	0
2024-00001948	7	10	0	66	NE	19	Unconscious/Fainting	1
2024-00002463	7	10	0	66	NE	64	Traumatic Injury	1
2024-00007918	7	10	1	191	NW	42	Animal Trapped	0
2024-00007919	7	10	3	191	SE	6	Suspicious	0
2024-00007920	7	10	0	191	NE	51	Open Door/Premises Check	0
2024-00007923	7	10	3	191	SE	16	Parking Problem	0
2024-00007921	7	10	3	191	SW	14	Follow Up	0
2024-00007922	7	10	0	191	W	17	Harassment / Threats Report	0
2024-00007925	7	10	61	191	S	51	Civil Standby	0
2024-00002464	7	10	3	1	N	2	Transfer/Interfacility	1
2024-00007932	7	10	3	1	N	45	Escort/Transport	1
2024-00007924	7	10	3	66	NW	1	Traffic Stop	0
2024-00007926	7	10	3	191	N	38	Mutual Aid	0
2024-00007929	7	10	3	66	E	7	Alarm	0
2024-00007928	7	10	3	191	S	7	Alarm	0
2024-00007927	7	10	3	66	SE	4	Disturbance/Domestic	0
2024-00007933	7	11	3	34	W	17	Harassment / Threats Report	0
2024-00007930	7	11	3	191	SW	1	Traffic Stop	0
2024-00007931	7	11	3	191	NE	13	Check Area	0
2024-00007934	7	11	3	191	NW	15	MVA Non Injury	0
2024-00001949	7	11	3	66	S	19	Unconscious/Fainting	1
2024-00002465	7	11	3	66	S	19	Unconscious/Fainting	1
2024-00007939	7	11	3	191	W	42	Animal Trapped	0
2024-00007935	7	11	3	191	SW	1	Traffic Stop	0
2024-00007936	7	11	3	191	N	11	Trespassing	0
2024-00007937	7	11	0	191	N	15	MVA Non Injury	0
2024-00001950	7	11	3	66	SW	3	Sick Person	1
2024-00002466	7	11	3	66	SW	3	Sick Person	1
2024-00007938	7	11	3	191	NW	1	Traffic Stop	0
2024-00007941	7	12	3	191	SE	8	Welfare Check	0
2024-00007951	7	12	3	191	W	64	Animal Complaint	0
2024-00007945	7	12	0	191	NE	51	Animal Vicious	0
2024-00007940	7	12	3	191	N	64	Alarm Holdup/Panic	0
2024-00007942	7	12	2	191	SW	9	Larceny	0
2024-00007944	7	12	0	191	W	7	Alarm	0
2024-00007943	7	12	2	191	SE	14	Follow Up	0
2024-00001951	7	12	3	34	NW	19	Cardiac Respritory Arrest	1
2024-00002467	7	12	3	34	NW	19	Cardiac Respritory Arrest	1
2024-00007946	7	12	3	34	NW	51	Body Reported	1
2024-00001952	7	12	3	66	N	38	Stroke	1
2024-00002468	7	12	3	66	N	38	Stroke	1
2024-00007948	7	12	2	191	SE	13	Check Area	0
2024-00007947	7	12	2	191	S	1	Traffic Stop	0
2024-00002469	7	12	0	66	NE	3	Sick Person	1
2024-00001953	7	12	2	191	S	23	Public Assist	0
2024-00007949	7	12	0	191	NE	1	Traffic Stop	0
2024-00007950	7	12	2	191	SE	4	Disturbance/Domestic	0
2024-00007952	7	12	1	191	NE	32	Hit and Run	0
2024-00001954	7	12	3	66	W	3	Sick Person	1
2024-00002470	7	12	3	66	W	3	Sick Person	1
2024-00007953	7	13	0	191	E	15	MVA Non Injury	0
2024-00007954	7	13	2	191	NW	64	Alarm Holdup/Panic	0
2024-00007955	7	13	0	191	W	4	Disturbance/Domestic	0
2024-00007956	7	13	1	1	N	45	Escort/Transport	0
2024-00001955	7	13	1	34	SE	38	Stroke	1
2024-00002472	7	13	1	34	SE	38	Stroke	1
2024-00002471	7	13	1	191	N	82	Unknown Problem/Man Down	1
2024-00007957	7	13	3	191	NW	13	Check Area	0
2024-00007960	7	13	2	191	W	64	Reckless Driving	0
2024-00007958	7	13	3	191	NE	8	Welfare Check	0
2024-00001956	7	13	1	7	SE	32	Diabetic Problems	1
2024-00002473	7	13	1	7	SE	32	Diabetic Problems	1
2024-00007967	7	13	0	191	E	9	Larceny	0
2024-00007959	7	13	0	66	NW	1	Traffic Stop	0
2024-00007963	7	13	1	191	N	6	Suspicious	0
2024-00007961	7	13	1	66	N	1	Traffic Stop	0
2024-00007962	7	13	1	191	NW	1	Traffic Stop	0
2024-00002474	7	13	1	1	N	2	Transfer/Interfacility	1
2024-00007964	7	13	1	191	SW	1	Traffic Stop	0
2024-00007966	7	13	1	191	SW	7	Alarm	0
2024-00007965	7	13	3	21	NE	14	Follow Up	0
2024-00007969	7	14	1	191	SE	27	Animal at Large	0
2024-00007968	7	14	1	191	NE	5	Contact a Subject	0
2024-00007970	7	14	0	191	E	64	Road Rage	0
2024-00007971	7	14	3	191	N	1	Traffic Stop	0
2024-00007972	7	14	1	191	S	27	Animal at Large	0
2024-00007973	7	14	1	191	NW	1	Traffic Stop	0
2024-00007975	7	14	1	191	E	51	Civil Standby	0
2024-00007974	7	14	1	191	SE	48	Found Item	0
2024-00007976	7	14	1	191	N	1	Traffic Stop	0
2024-00001957	7	14	3	191	NW	25	Fire Alarm	0
2024-00007977	7	14	1	191	SE	5	Contact a Subject	0
2024-00007978	7	14	3	191	N	1	Traffic Stop	0
2024-00007980	7	14	0	191	E	51	Item Assignment	0
2024-00007979	7	14	1	191	SE	1	Traffic Stop	0
2024-00002475	7	14	1	5	N	2	Transfer/Interfacility	1
2024-00007981	7	14	3	191	N	1	Traffic Stop	0
2024-00007982	7	14	0	191	E	1	Traffic Stop	0
2024-00007983	7	14	1	66	W	42	Vandalism	0
2024-00007984	7	14	0	191	E	1	Traffic Stop	0
2024-00001958	7	14	1	66	S	11	Breathing Problems	1
2024-00002476	7	14	1	66	S	11	Breathing Problems	1
2024-00007988	7	14	1	191	NE	5	Contact a Subject	0
2024-00007996	7	14	1	191	S	9	Larceny	0
2024-00007985	7	14	1	191	S	5	Contact a Subject	0
2024-00008001	7	14	1	191	E	9	Larceny	0
2024-00007986	7	14	3	191	E	5	Contact a Subject	0
2024-00007987	7	14	0	191	E	1	Traffic Stop	0
2024-00007989	7	15	0	191	E	1	Traffic Stop	0
2024-00007990	7	15	3	15	N	9	Larceny	0
2024-00007992	7	15	1	21	S	4	Disturbance/Domestic	0
2024-00007991	7	15	0	191	E	1	Traffic Stop	0
2024-00007997	7	15	0	191	E	13	Check Area	0
2024-00002477	7	15	1	15	NW	3	Sick Person	1
2024-00007993	7	15	3	66	N	8	Welfare Check	0
2024-00007994	7	15	53	191	SE	13	Check Area	0
2024-00001959	7	15	1	6	SE	19	Unconscious/Fainting	1
2024-00002478	7	15	1	6	SE	32	Diabetic Problems	1
2024-00007995	7	15	0	191	E	1	Traffic Stop	0
2024-00002479	7	15	1	11	N	10	Falls	1
2024-00007998	7	15	0	191	E	1	Traffic Stop	0
2024-00001960	7	15	1	34	W	3	Sick Person	1
2024-00002480	7	15	1	34	W	3	Sick Person	1
2024-00007999	7	15	1	191	SW	51	Animal Vicious	0
2024-00008000	7	15	0	191	E	1	Traffic Stop	0
2024-00002481	7	15	1	1	N	2	Transfer/Interfacility	1
2024-00008006	7	15	3	34	NE	32	Burglary	0
2024-00002482	7	15	1	1	N	2	Transfer/Interfacility	1
2024-00008002	7	15	1	1	N	45	Escort/Transport	1
2024-00008003	7	16	1	191	NW	1	Traffic Stop	0
2024-00008005	7	16	1	191	NW	19	911 Call Nature Unknown	0
2024-00008004	7	16	1	191	N	1	Traffic Stop	0
2024-00002483	7	16	0	191	W	64	Stand By EMS	1
2024-00008007	7	16	1	21	NE	5	Contact a Subject	0
2024-00008008	7	16	1	34	E	1	Traffic Stop	0
2024-00008009	7	16	1	191	NW	1	Traffic Stop	0
2024-00008010	7	16	1	66	NE	42	Vandalism	0
2024-00001961	7	16	1	66	NE	45	Fire Residential	1
2024-00002484	7	16	1	66	NE	45	Fire Residential	1
2024-00008011	7	16	0	191	E	1	Traffic Stop	0
2024-00008012	7	16	1	191	W	1	Traffic Stop	0
2024-00008013	7	16	0	191	NE	1	Traffic Stop	0
2024-00008014	7	16	1	191	S	1	Traffic Stop	0
2024-00008017	7	16	1	191	SW	42	Animal Trapped	0
2024-00008015	7	16	1	191	W	7	Alarm	0
2024-00002485	7	17	2	2	NW	2	Transfer/Interfacility	1
2024-00008016	7	17	0	191	SE	1	Traffic Stop	0
2024-00008018	7	17	3	191	SW	7	Alarm	0
2024-00008019	7	17	3	191	W	1	Traffic Stop	0
2024-00002486	7	17	3	3	SE	2	Transfer/Interfacility	1
2024-00001962	7	17	2	191	N	25	Fire Alarm	0
2024-00008021	7	17	0	191	NE	1	Traffic Stop	0
2024-00008022	7	17	1	191	NE	1	Traffic Stop	0
2024-00008032	7	17	3	66	SW	16	Parking Problem	0
2024-00008034	7	17	3	66	SW	16	Parking Problem	0
2024-00008023	7	17	1	191	NW	1	Traffic Stop	0
2024-00008028	7	17	2	191	W	9	Larceny	0
2024-00008024	7	17	2	191	N	1	Traffic Stop	0
2024-00008025	7	17	2	66	NW	1	Traffic Stop	0
2024-00008026	7	17	2	34	NW	51	Pick Up Partner	0
2024-00008027	7	17	3	15	N	9	Larceny	0
2024-00008041	7	17	3	15	N	11	Trespassing	0
2024-00008029	7	17	3	191	N	15	MVA Non Injury	0
2024-00001963	7	17	3	34	N	3	Sick Person	1
2024-00002487	7	17	3	34	N	3	Sick Person	1
2024-00008030	7	17	3	34	N	8	Welfare Check	1
2024-00008031	7	18	1	11	NE	38	Runaway or Lost Child	0
2024-00008043	7	18	0	191	E	13	Check Area	0
2024-00002489	7	18	3	1	N	2	Transfer/Interfacility	1
2024-00008033	7	18	2	66	SE	4	Disturbance/Domestic	0
2024-00002488	7	18	2	3	SE	2	Transfer/Interfacility	1
2024-00008037	7	18	3	191	N	32	Supplement Report	0
2024-00008035	7	18	2	191	SE	19	911 Call Nature Unknown	0
2024-00008036	7	18	1	11	NE	38	Runaway or Lost Child	0
2024-00002490	7	18	0	21	SW	19	Unconscious/Fainting	1
2024-00008038	7	18	0	21	W	6	Suspicious	0
2024-00008039	7	18	2	191	S	1	Traffic Stop	0
2024-00008040	7	19	0	191	NE	1	Traffic Stop	0
2024-00001964	7	19	51	34	SE	19	Cardiac Respritory Arrest	1
2024-00002491	7	19	51	34	SE	32	Convulsion/Seizure	1
2024-00008042	7	19	51	34	SE	51	Body Reported	1
2024-00008050	7	19	51	191	SW	7	Alarm	0
2024-00008044	7	19	51	191	NW	1	Traffic Stop	0
2024-00002492	7	19	0	21	SW	19	Allergies/Envenomations	1
2024-00008077	7	19	51	191	N	38	Noise Complaint	0
2024-00001965	7	19	51	66	W	73	Burns/Explosions	1
2024-00002493	7	19	51	66	W	73	Burns/Explosions	1
2024-00008046	7	19	51	191	N	19	911 Call Nature Unknown	0
2024-00008047	7	19	0	191	NE	11	Trespassing	0
2024-00008048	7	19	2	191	NE	8	Welfare Check	0
2024-00001966	7	19	1	6	SE	11	Breathing Problems	1
2024-00002494	7	19	1	6	SE	11	Breathing Problems	1
2024-00008049	7	19	0	191	NE	4	Disturbance/Domestic	0
2024-00002495	7	19	51	1	N	2	Transfer/Interfacility	1
2024-00001967	7	20	2	191	S	25	Fire Alarm	0
2024-00008053	7	20	2	191	SW	16	Parking Problem	0
2024-00008051	7	20	0	191	E	1	Traffic Stop	0
2024-00002500	7	20	51	2	NW	2	Transfer/Interfacility	1
2024-00002496	7	20	0	21	SW	27	Assault EMS Needed	1
2024-00001968	7	20	0	21	W	11	Breathing Problems	1
2024-00002497	7	20	0	21	W	11	Breathing Problems	1
2024-00008052	7	20	0	21	W	8	Welfare Check	1
2024-00008054	7	20	0	11	NE	38	Runaway or Lost Child	0
2024-00008056	7	20	2	66	SW	73	Extra Patrol	0
2024-00008055	7	20	0	191	NE	7	Alarm	0
2024-00001969	7	20	55	66	E	3	Sick Person	1
2024-00002498	7	20	55	66	E	3	Sick Person	1
2024-00008057	7	20	0	21	NE	64	Shots Heard	0
2024-00008060	7	20	2	191	SE	4	Disturbance/Domestic	0
2024-00008058	7	20	1	191	N	1	Traffic Stop	0
2024-00008069	7	20	51	1	N	45	Escort/Transport	0
2024-00008059	7	20	3	191	NE	1	Traffic Stop	0
2024-00008065	7	20	2	191	SW	6	Suspicious	0
2024-00008061	7	20	0	66	NE	17	Harassment / Threats Report	0
2024-00001970	7	20	2	66	S	3	Sick Person	1
2024-00002499	7	20	2	66	S	3	Sick Person	1
2024-00008066	7	20	51	191	NE	6	Suspicious	0
2024-00008062	7	20	0	191	E	1	Traffic Stop	0
2024-00008063	7	20	0	4	NE	4	Disturbance/Domestic	0
2024-00008064	7	21	3	191	SW	4	Disturbance/Domestic	0
2024-00002501	7	21	2	2	NW	2	Transfer/Interfacility	1
2024-00008067	7	21	0	11	NE	38	Runaway or Lost Child	0
2024-00001971	7	21	3	66	E	32	Diabetic Problems	1
2024-00002502	7	21	3	66	E	32	Diabetic Problems	1
2024-00001972	7	21	0	191	E	25	Fire Alarm	0
2024-00001973	7	21	0	66	E	3	Sick Person	1
2024-00002503	7	21	0	66	E	3	Sick Person	1
2024-00002504	7	21	2	191	N	32	Convulsion/Seizure	1
2024-00008079	7	21	3	191	NW	9	Larceny	0
2024-00008068	7	21	2	191	NW	1	Traffic Stop	0
2024-00008070	7	21	3	191	NE	48	Drunk Driver	0
2024-00008071	7	21	3	21	W	4	Disturbance/Domestic	0
2024-00002506	7	21	3	3	SE	2	Transfer/Interfacility	1
2024-00002505	7	21	3	3	SE	2	Transfer/Interfacility	1
2024-00008078	7	21	3	15	S	27	Fraud	0
2024-00008072	7	21	2	191	NW	1	Traffic Stop	0
2024-00008073	7	21	0	66	S	4	Disturbance/Domestic	0
2024-00008074	7	21	51	191	N	38	Mutual Aid	0
2024-00008080	7	21	2	2	NW	5	Contact a Subject	0
2024-00008081	7	21	51	191	E	38	Noise Complaint	0
2024-00002511	7	21	3	3	SE	2	Transfer/Interfacility	1
2024-00008075	7	21	1	21	NE	38	Noise Complaint	0
2024-00008076	7	21	51	66	E	1	Traffic Stop	0
2024-00001974	7	22	0	191	E	51	Fire Odor Investigation	0
2024-00008082	7	22	0	66	S	6	Suspicious	0
2024-00008083	7	22	2	191	S	5	Contact a Subject	0
2024-00008084	7	22	0	191	SE	82	Loud Party	0
2024-00008085	7	22	51	191	W	38	Runaway or Lost Child	0
2024-00008086	7	22	73	191	W	1	Traffic Stop	0
2024-00008087	7	22	51	191	NW	4	Disturbance/Domestic	0
2024-00008090	7	22	51	191	W	4	Disturbance/Domestic	0
2024-00001975	7	22	51	191	NW	73	Fire Carbon Monoxide Alarm	0
2024-00008088	7	22	51	191	NE	1	Traffic Stop	0
2024-00008089	7	22	0	191	N	1	Traffic Stop	0
2024-00008092	7	23	2	191	NW	7	Alarm	0
2024-00008091	7	23	2	191	N	4	Disturbance/Domestic	0
2024-00008094	7	23	2	191	NE	6	Suspicious	0
2024-00001976	7	23	3	66	SW	10	Falls	1
2024-00002507	7	23	3	66	SW	10	Falls	1
2024-00008093	7	23	0	66	NE	1	Traffic Stop	0
2024-00001977	7	23	3	6	SE	3	Sick Person	1
2024-00002508	7	23	3	6	SE	3	Sick Person	1
2024-00008095	7	23	0	21	NE	5	Contact a Subject	0
2024-00001978	7	23	0	66	NE	10	Falls	1
2024-00002509	7	23	0	66	NE	10	Falls	1
2024-00001979	7	23	1	191	NE	51	Fire Odor Investigation	0
2024-00002639	3	0	0	1	N	2	Transfer/Interfacility	1
2024-00008607	3	0	0	191	S	1	Traffic Stop	0
2024-00008608	3	0	0	191	NW	1	Traffic Stop	0
2024-00008609	3	0	0	191	NW	1	Traffic Stop	0
2024-00002073	3	0	0	15	W	3	Sick Person	1
2024-00002640	3	0	0	15	W	3	Sick Person	1
2024-00008611	3	0	0	191	SE	1	Traffic Stop	0
2024-00002074	3	0	0	34	SE	17	Hemorrhage/Lacerations	1
2024-00002641	3	0	0	34	SE	17	Hemorrhage/Lacerations	1
2024-00008612	3	0	0	34	SE	32	Burglary	1
2024-00008614	3	0	0	1	N	11	Trespassing	0
2024-00008613	3	0	0	191	NE	1	Traffic Stop	0
2024-00008615	3	0	0	66	N	8	Welfare Check	0
2024-00002075	3	0	0	66	S	32	Diabetic Problems	1
2024-00002642	3	0	0	66	S	32	Diabetic Problems	1
2024-00008616	3	1	0	21	S	4	Disturbance/Domestic	0
2024-00008617	3	1	0	66	N	5	Contact a Subject	0
2024-00008618	3	1	0	191	N	1	Traffic Stop	0
2024-00008619	3	1	0	191	N	5	Contact a Subject	0
2024-00002076	3	1	0	66	NW	3	Sick Person	1
2024-00002643	3	1	0	66	NW	3	Sick Person	1
2024-00008620	3	1	51	191	NW	1	Traffic Stop	0
2024-00002644	3	1	0	2	NW	2	Transfer/Interfacility	1
2024-00008621	3	1	0	191	N	1	Traffic Stop	0
2024-00008622	3	2	0	191	N	1	Traffic Stop	0
2024-00002077	3	2	53	66	NW	23	Chest Pain	1
2024-00002645	3	2	53	66	NW	23	Chest Pain	1
2024-00008623	3	2	0	1	N	8	Welfare Check	0
2024-00008624	3	2	0	191	NW	5	Contact a Subject	0
2024-00008625	3	2	0	191	SE	11	Trespassing	0
2024-00008626	3	3	0	191	N	1	Traffic Stop	0
2024-00008628	3	4	0	1	N	8	Welfare Check	0
2024-00008627	3	4	0	191	N	38	Noise Complaint	0
2024-00002646	3	4	0	2	NW	2	Transfer/Interfacility	1
2024-00008629	3	6	0	191	N	7	Alarm	0
2024-00002078	3	6	0	10	NW	23	Public Assist	1
2024-00002647	3	6	0	10	NW	10	Falls	1
2024-00002079	3	6	0	191	E	51	Fire Odor Investigation	0
2024-00008630	3	6	0	191	NE	73	Extra Patrol	0
2024-00002080	3	7	0	191	S	25	Fire Alarm	0
2024-00008632	3	7	0	34	N	13	Check Area	0
2024-00008631	3	7	0	191	S	5	Contact a Subject	0
2024-00008633	3	7	0	191	SW	7	Alarm	0
2024-00002648	3	7	0	34	W	3	Sick Person	1
2024-00002658	3	7	0	2	NW	2	Transfer/Interfacility	1
2024-00008634	3	7	0	34	N	13	Check Area	0
2024-00008635	3	7	0	191	W	1	Traffic Stop	0
2024-00008636	3	7	0	191	E	15	MVA Non Injury	0
2024-00008638	3	7	0	34	N	15	MVA Non Injury	0
2024-00008637	3	7	0	191	W	1	Traffic Stop	0
2024-00008655	3	7	0	66	SE	32	Supplement Report	0
2024-00008687	3	8	1	191	N	25	Animal Dead	0
2024-00008644	3	8	0	191	NE	25	Animal Dead	0
2024-00008671	3	8	0	191	NE	25	Animal Dead	0
2024-00008677	3	8	0	191	S	25	Animal Dead	0
2024-00008662	3	8	1	191	NE	25	Animal Dead	0
2024-00008641	3	8	1	191	NE	9	Larceny	0
2024-00008639	3	8	0	191	SE	1	Traffic Stop	0
2024-00008640	3	8	0	34	NW	1	Traffic Stop	0
2024-00008643	3	8	63	191	W	51	Open Door/Premises Check	0
2024-00008642	3	8	0	191	N	1	Traffic Stop	0
2024-00008645	3	8	0	191	NW	1	Traffic Stop	0
2024-00008646	3	8	0	191	SE	1	Traffic Stop	0
2024-00008660	3	8	3	34	W	42	Vandalism	0
2024-00008647	3	8	0	191	NW	1	Traffic Stop	0
2024-00008656	3	8	0	191	NE	51	Civil Standby	0
2024-00008648	3	8	0	191	E	16	Parking Problem	0
2024-00008649	3	8	0	34	NW	1	Traffic Stop	0
2024-00008650	3	8	0	191	NW	1	Traffic Stop	0
2024-00008651	3	8	55	191	W	6	Suspicious	0
2024-00008652	3	8	0	191	E	1	Traffic Stop	0
2024-00008653	3	8	0	191	S	16	Parking Problem	0
2024-00008658	3	8	0	191	N	51	Missing Person	0
2024-00008654	3	8	0	15	N	9	Larceny	0
2024-00002662	3	8	0	1	N	2	Transfer/Interfacility	1
2024-00008659	3	8	0	191	SE	42	Vandalism	0
2024-00002081	3	8	1	66	NE	19	Allergies/Envenomations	1
2024-00002649	3	8	1	66	NE	19	Allergies/Envenomations	1
2024-00002654	3	8	0	2	NW	2	Transfer/Interfacility	1
2024-00002082	3	8	0	66	NW	10	Falls	1
2024-00002650	3	8	0	66	NW	10	Falls	1
2024-00008661	3	8	0	191	E	11	Trespassing	0
2024-00002083	3	8	63	66	W	25	Fire Alarm	0
2024-00008664	3	9	0	191	NE	9	Larceny	0
2024-00002084	3	9	1	191	E	25	Fire Alarm	0
2024-00002651	3	9	0	11	N	45	Abdominal Pains/Problems	1
2024-00008663	3	9	0	191	NW	1	Traffic Stop	0
2024-00008665	3	9	0	191	SW	27	Animal at Large	0
2024-00008666	3	9	0	191	E	11	Trespassing	0
2024-00002085	3	9	0	66	NW	38	Stroke	1
2024-00002652	3	9	0	66	NW	38	Stroke	1
2024-00008668	3	9	0	191	W	9	Larceny	0
2024-00008667	3	9	0	191	N	1	Traffic Stop	0
2024-00008669	3	9	51	191	W	32	Supplement Report	0
2024-00008670	3	9	0	191	SE	16	Parking Problem	0
2024-00008673	3	9	1	191	NE	8	Welfare Check	0
2024-00002086	3	9	0	66	E	3	Sick Person	1
2024-00002653	3	9	0	66	E	3	Sick Person	1
2024-00008680	3	9	1	191	NE	16	Parking Problem	0
2024-00002087	3	9	0	191	NE	82	Fire Vehicle	0
2024-00008672	3	9	0	66	W	19	911 Call Nature Unknown	0
2024-00008674	3	9	1	191	NE	1	Traffic Stop	0
2024-00002655	3	9	0	5	N	2	Transfer/Interfacility	1
2024-00008675	3	9	2	191	NW	1	Traffic Stop	0
2024-00008676	3	9	0	191	E	4	Disturbance/Domestic	0
2024-00002656	3	9	0	15	NW	3	Sick Person	1
2024-00008678	3	10	0	191	NW	1	Traffic Stop	0
2024-00008688	3	10	0	191	NE	64	Reckless Driving	0
2024-00008679	3	10	0	34	NW	1	Traffic Stop	0
2024-00008681	3	10	0	66	S	51	Animal Vicious	0
2024-00002088	3	10	0	66	NE	45	Fire Residential	1
2024-00002657	3	10	0	66	NE	45	Fire Residential	1
2024-00008682	3	10	0	191	NW	1	Traffic Stop	0
2024-00008683	3	10	0	191	NE	5	Contact a Subject	0
2024-00008684	3	10	3	191	NW	1	Traffic Stop	0
2024-00008685	3	10	0	191	NW	1	Traffic Stop	0
2024-00008686	3	10	0	191	SE	1	Traffic Stop	0
2024-00008689	3	10	0	191	SE	1	Traffic Stop	0
2024-00008690	3	10	0	191	N	32	Motorist Assist	0
2024-00008693	3	10	0	11	NE	27	Fraud	0
2024-00008691	3	10	0	191	NW	1	Traffic Stop	0
2024-00008692	3	10	0	191	NW	1	Traffic Stop	0
2024-00008694	3	11	0	191	NW	1	Traffic Stop	0
2024-00008695	3	11	0	191	NW	1	Traffic Stop	0
2024-00008696	3	11	0	21	S	25	Animal Dead	0
2024-00008697	3	11	0	34	SE	9	Larceny	0
2024-00008706	3	11	0	191	E	48	Stolen Vehicle	0
2024-00008698	3	11	0	191	N	27	Fraud	0
2024-00002089	3	11	0	66	SW	27	Medical Call Pd Requested	1
2024-00002659	3	11	0	66	SW	27	Medical Call Pd Requested	1
2024-00008699	3	11	2	191	N	5	Contact a Subject	0
2024-00008700	3	11	0	34	NE	5	Contact a Subject	0
2024-00002090	3	11	0	10	NW	10	Falls	1
2024-00002660	3	11	0	10	NW	10	Falls	1
2024-00008701	3	11	3	191	N	1	Traffic Stop	0
2024-00008702	3	11	0	191	SW	38	Runaway or Lost Child	0
2024-00008708	3	11	0	191	E	51	Item Assignment	0
2024-00008703	3	11	0	191	N	32	Motorist Assist	0
2024-00008704	3	11	0	191	S	15	MVA Non Injury	0
2024-00002091	3	11	0	4	NE	3	Sick Person	1
2024-00002661	3	11	0	4	NE	3	Sick Person	1
2024-00008705	3	11	0	4	NE	38	Mutual Aid	1
2024-00008707	3	11	0	191	NW	27	Animal at Large	0
2024-00002667	3	11	0	2	NW	2	Transfer/Interfacility	1
2024-00002092	3	11	51	66	NW	51	Back Pain	1
2024-00002663	3	11	51	66	NW	51	Back Pain	1
2024-00002093	3	11	0	66	E	45	Abdominal Pains/Problems	1
2024-00002664	3	11	0	66	E	45	Abdominal Pains/Problems	1
2024-00002673	3	12	0	1	N	2	Transfer/Interfacility	1
2024-00002094	3	12	0	66	SW	11	Breathing Problems	1
2024-00002665	3	12	0	66	SW	11	Breathing Problems	1
2024-00008709	3	12	0	66	SW	19	911 Call Nature Unknown	0
2024-00008713	3	12	0	11	NE	48	Stolen Vehicle	0
2024-00008711	3	12	0	191	NE	15	MVA Non Injury	0
2024-00008710	3	12	0	34	N	15	MVA Non Injury	0
2024-00002689	3	12	0	1	N	2	Transfer/Interfacility	1
2024-00008714	3	12	2	191	W	27	Fraud	0
2024-00008712	3	12	0	191	E	1	Traffic Stop	0
2024-00008720	3	12	0	191	S	32	Supplement Report	0
2024-00008715	3	12	0	191	N	14	Follow Up	0
2024-00008716	3	12	0	191	S	5	Contact a Subject	0
2024-00008717	3	12	0	191	NW	1	Traffic Stop	0
2024-00008718	3	12	0	191	S	1	Traffic Stop	0
2024-00008719	3	12	0	191	NW	1	Traffic Stop	0
2024-00002095	3	12	0	66	NE	3	Sick Person	1
2024-00002666	3	12	0	66	NE	3	Sick Person	1
2024-00008725	3	12	0	15	S	19	911 Call Nature Unknown	0
2024-00008726	3	12	51	191	NW	17	Harassment / Threats Report	0
2024-00008721	3	12	0	191	NW	1	Traffic Stop	0
2024-00008723	3	12	1	191	NE	8	Welfare Check	0
2024-00008722	3	12	0	191	NW	1	Traffic Stop	0
2024-00008724	3	12	0	191	NW	1	Traffic Stop	0
2024-00008731	3	12	3	66	SE	8	Welfare Check	0
2024-00008727	3	12	0	191	SW	16	Parking Problem	0
2024-00008728	3	12	0	66	N	73		0
2024-00008729	3	12	3	191	N	5	Contact a Subject	0
2024-00008733	3	12	1	191	N	8	Welfare Check	0
2024-00008730	3	12	0	34	NE	5	Contact a Subject	0
2024-00008732	3	13	1	191	SE	5	Contact a Subject	0
2024-00008736	3	13	0	66	E	8	Welfare Check	0
2024-00008741	3	13	63	66	W	8	Welfare Check	0
2024-00008734	3	13	0	191	NE	16	Parking Problem	0
2024-00008737	3	13	1	66	NE	51	Missing Person	0
2024-00008735	3	13	1	191	NW	1	Traffic Stop	0
2024-00008744	3	13	1	21	S	17	Harassment / Threats Report	0
2024-00002096	3	13	0	66	NE	19	Unconscious/Fainting	1
2024-00002668	3	13	0	66	NE	19	Unconscious/Fainting	1
2024-00008738	3	13	0	191	E	1	Traffic Stop	0
2024-00008740	3	13	1	191	SE	6	Suspicious	0
2024-00008739	3	13	1	66	S	42	Animal Trapped	0
2024-00002097	3	13	63	21	W	64	Preg/Child Birth/Miscarriage	1
2024-00002669	3	13	63	21	W	64	Preg/Child Birth/Miscarriage	1
2024-00002670	3	13	63	21	W	64	Preg/Child Birth/Miscarriage	1
2024-00002686	3	13	1	2	NW	2	Transfer/Interfacility	1
2024-00002672	3	13	1	1	N	2	Transfer/Interfacility	1
2024-00008742	3	13	1	191	SE	32	Motorist Assist	0
2024-00008743	3	13	1	191	N	11	Trespassing	0
2024-00008747	3	13	0	66	SE	64	Animal Complaint	0
2024-00002098	3	13	1	191	SE	25	Fire Alarm	0
2024-00008745	3	13	0	66	SE	8	Welfare Check	0
2024-00008751	3	13	1	191	E	82	Pick Up Items	0
2024-00008758	3	13	2	66	N	17	Harassment / Threats Report	0
2024-00002099	3	13	1	191	NW	25	Fire Alarm	0
2024-00008746	3	13	0	191	E	11	Trespassing	0
2024-00002671	3	13	1	5	N	2	Transfer/Interfacility	1
2024-00008748	3	13	0	191	E	82	COP DDACTS	0
2024-00008749	3	14	0	191	E	1	Traffic Stop	0
2024-00008768	3	14	1	191	SW	25	Animal Dead	0
2024-00008750	3	14	1	191	W	14	Follow Up	0
2024-00008752	3	14	1	191	NW	82	Prowler	0
2024-00008753	3	14	0	4	NE	4	Disturbance/Domestic	0
2024-00008754	3	14	0	191	E	11	Trespassing	0
2024-00008755	3	14	1	191	SW	1	Traffic Stop	0
2024-00008756	3	14	1	191	NW	4	Disturbance/Domestic	0
2024-00008757	3	14	0	191	E	16	Parking Problem	0
2024-00008761	3	14	3	191	N	7	Alarm	0
2024-00008763	3	14	1	15	SE	32	Supplement Report	0
2024-00008759	3	14	1	191	NE	1	Traffic Stop	0
2024-00008760	3	14	1	191	E	1	Traffic Stop	0
2024-00008762	3	14	3	191	N	14	Follow Up	0
2024-00008766	3	14	0	191	NE	15	MVA Non Injury	0
2024-00008764	3	14	1	191	NW	8	Welfare Check	0
2024-00008767	3	14	1	191	S	64	Debris in Roadway	0
2024-00008765	3	14	1	191	SW	1	Traffic Stop	0
2024-00008770	3	14	1	21	S	17	Harassment / Threats Report	0
2024-00008769	3	14	1	191	SW	1	Traffic Stop	0
2024-00002100	3	14	1	191	NW	51	Fire Odor Investigation	0
2024-00008771	3	15	1	66	N	17	Harassment / Threats Report	0
2024-00002701	3	15	1	1	N	2	Transfer/Interfacility	1
2024-00008773	3	15	0	191	SW	1	Traffic Stop	0
2024-00008774	3	15	1	191	W	1	Traffic Stop	0
2024-00008775	3	15	1	191	SW	1	Traffic Stop	0
2024-00008776	3	15	55	191	W	1	Traffic Stop	0
2024-00002674	3	15	1	11	N	3	Sick Person	1
2024-00002675	3	15	1	2	NW	2	Transfer/Interfacility	1
2024-00008777	3	15	0	191	NE	5	Contact a Subject	0
2024-00008778	3	15	53	191	NW	51	COP Problem Solving	0
2024-00008779	3	15	1	191	SW	1	Traffic Stop	0
2024-00008781	3	15	1	191	SW	1	Traffic Stop	0
2024-00002101	3	15	1	10	NW	23	Public Assist	0
2024-00002102	3	15	0	66	E	11	Breathing Problems	1
2024-00002676	3	15	0	66	E	11	Breathing Problems	1
2024-00008786	3	15	1	191	E	51	Animal Vicious	0
2024-00008783	3	15	3	191	N	15	MVA Non Injury	0
2024-00002103	3	15	0	4	NE	3	Sick Person	1
2024-00002677	3	15	0	4	NE	3	Sick Person	1
2024-00008784	3	15	0	4	NE	8	Welfare Check	1
2024-00008782	3	15	1	191	NW	1	Traffic Stop	0
2024-00002104	3	15	1	34	SE	3	Sick Person	1
2024-00002678	3	15	1	34	SE	3	Sick Person	1
2024-00008785	3	15	1	34	SE	8	Welfare Check	1
2024-00008788	3	15	0	191	E	11	Trespassing	0
2024-00002680	3	15	1	1	N	2	Transfer/Interfacility	1
2024-00008792	3	15	1	191	SE	5	Contact a Subject	0
2024-00008791	3	15	3	191	W	9	Larceny	0
2024-00008789	3	15	1	191	N	1	Traffic Stop	0
2024-00002684	3	16	1	5	N	2	Transfer/Interfacility	1
2024-00002681	3	16	1	1	N	2	Transfer/Interfacility	1
2024-00002705	3	16	1	2	NW	2	Transfer/Interfacility	1
2024-00008790	3	16	1	191	NW	5	Contact a Subject	0
2024-00008793	3	16	2	191	W	5	Contact a Subject	0
2024-00008798	3	16	1	191	S	32	Supplement Report	0
2024-00008794	3	16	0	191	NE	1	Traffic Stop	0
2024-00008795	3	16	1	191	SE	5	Contact a Subject	0
2024-00002682	3	16	1	3	SE	2	Transfer/Interfacility	1
2024-00008796	3	16	1	34	SW	48	Found Item	0
2024-00008797	3	16	1	15	S	1	Traffic Stop	0
2024-00008802	3	16	1	21	S	8	Welfare Check	0
2024-00002106	3	16	1	66	S	23	Chest Pain	1
2024-00002683	3	16	1	66	S	23	Chest Pain	1
2024-00008801	3	16	1	191	N	48	Found Item	0
2024-00008800	3	16	1	191	E	27	Animal at Large	0
2024-00002107	3	16	1	66	SE	10	Falls	1
2024-00002685	3	16	1	66	SE	10	Falls	1
2024-00008799	3	16	3	191	NW	1	Traffic Stop	0
2024-00002108	3	16	61	66	W	3	Sick Person	1
2024-00002687	3	16	61	66	W	3	Sick Person	1
2024-00008803	3	16	1	66	N	5	Contact a Subject	0
2024-00008804	3	16	0	191	E	14	Follow Up	0
2024-00008805	3	16	1	191	N	1	Traffic Stop	0
2024-00008808	3	16	1	191	NW	4	Disturbance/Domestic	0
2024-00008806	3	16	3	191	N	5	Contact a Subject	0
2024-00008807	3	16	1	66	N	42	COP Relationships	0
2024-00008819	3	16	1	191	W	9	Larceny	0
2024-00008812	3	16	1	66	W	38	Runaway or Lost Child	0
2024-00008811	3	16	2	66	N	64	Shots Heard	0
2024-00008810	3	16	0	191	SE	1	Traffic Stop	0
2024-00002109	3	16	1	66	E	38	Stroke	1
2024-00002688	3	16	1	66	E	38	Stroke	1
2024-00008817	3	16	1	191	N	9	Larceny	0
2024-00008813	3	16	3	191	N	1	Traffic Stop	0
2024-00002110	3	17	0	191	NE	25	Fire Alarm	0
2024-00008814	3	17	1	191	SE	1	Traffic Stop	0
2024-00008815	3	17	1	66	NE	1	Traffic Stop	0
2024-00008816	3	17	1	191	S	42	Vandalism	0
2024-00002111	3	17	1	34	S	27	MVA With Injuries	1
2024-00002690	3	17	1	34	S	27	MVA With Injuries	1
2024-00008818	3	17	1	34	S	27	MVA With Injuries	1
2024-00002691	3	17	1	15	NW	45	Abdominal Pains/Problems	1
2024-00008823	3	17	1	66	SE	5	Contact a Subject	0
2024-00008820	3	17	0	191	NE	5	Contact a Subject	0
2024-00008821	3	17	1	191	NW	1	Traffic Stop	0
2024-00008822	3	17	3	191	W	38	Noise Complaint	0
2024-00002692	3	17	1	21	S	64	Stand By EMS	1
2024-00008825	3	17	0	66	NE	4	Disturbance/Domestic	0
2024-00008824	3	17	1	191	NW	1	Traffic Stop	0
2024-00008826	3	17	1	191	N	8	Welfare Check	0
2024-00008834	3	17	1	191	NW	15	MVA Non Injury	0
2024-00002693	3	17	1	2	NW	2	Transfer/Interfacility	1
2024-00008827	3	17	2	11	NE	4	Disturbance/Domestic	0
2024-00008833	3	17	1	66	SE	5	Contact a Subject	0
2024-00008828	3	17	1	191	N	1	Traffic Stop	0
2024-00008829	3	17	0	191	E	11	Trespassing	0
2024-00002694	3	17	1	3	SE	2	Transfer/Interfacility	1
2024-00008832	3	17	1	191	N	13	Check Area	0
2024-00008839	3	17	1	66	NE	15	MVA Non Injury	0
2024-00008830	3	17	1	191	N	42	COP Relationships	0
2024-00002696	3	17	1	3	SE	2	Transfer/Interfacility	1
2024-00008831	3	17	1	191	W	1	Traffic Stop	0
2024-00008836	3	17	1	191	S	6	Suspicious	0
2024-00008837	3	17	0	191	NE	15	MVA Non Injury	0
2024-00002695	3	17	1	1	N	2	Transfer/Interfacility	1
2024-00008835	3	17	3	191	N	64	Debris in Roadway	0
2024-00008838	3	18	1	191	NW	64	Road Rage	0
2024-00008845	3	18	0	7	NE	5	Contact a Subject	0
2024-00002112	3	18	1	191	SE	82	Fire Grass	0
2024-00008858	3	18	1	191	SW	51	Missing Person	0
2024-00002114	3	18	0	7	NE	19	Allergies/Envenomations	1
2024-00002698	3	18	0	7	NE	19	Allergies/Envenomations	1
2024-00008844	3	18	0	7	NE	8	Welfare Check	1
2024-00002113	3	18	1	10	NW	23	Public Assist	0
2024-00008840	3	18	1	191	N	1	Traffic Stop	0
2024-00008841	3	18	1	66	SE	11	Trespassing	0
2024-00008842	3	18	1	191	SE	14	Follow Up	0
2024-00008850	3	18	3	191	N	6	Suspicious	0
2024-00008843	3	18	1	191	SE	1	Traffic Stop	0
2024-00002697	3	18	1	21	S	64	Stand By EMS	1
2024-00008846	3	18	1	191	N	32	Motorist Assist	0
2024-00008847	3	18	1	191	N	11	Trespassing	0
2024-00008851	3	19	1	191	NW	7	Alarm	0
2024-00008848	3	19	1	191	N	1	Traffic Stop	0
2024-00008849	3	19	1	66	N	11	Trespassing	0
2024-00002115	3	19	2	21	W	3	Sick Person	1
2024-00002699	3	19	2	21	W	3	Sick Person	1
2024-00008852	3	19	0	7	NE	5	Contact a Subject	0
2024-00002116	3	19	0	66	NE	19	Allergies/Envenomations	1
2024-00002700	3	19	0	66	NE	19	Allergies/Envenomations	1
2024-00008853	3	19	1	191	SE	4	Disturbance/Domestic	0
2024-00008854	3	19	3	191	W	14	Follow Up	0
2024-00008856	3	19	1	15	W	11	Trespassing	0
2024-00008855	3	19	1	191	SE	1	Traffic Stop	0
2024-00008861	3	19	1	191	W	11	Trespassing	0
2024-00002710	3	19	1	5	N	2	Transfer/Interfacility	1
2024-00002702	3	19	1	2	NW	2	Transfer/Interfacility	1
2024-00002117	3	19	1	66	NE	45	Fire Residential	1
2024-00002703	3	19	1	66	NE	45	Fire Residential	1
2024-00008857	3	19	0	34	NE	4	Disturbance/Domestic	0
2024-00008859	3	20	51	191	W	1	Traffic Stop	0
2024-00008860	3	20	0	191	NE	1	Traffic Stop	0
2024-00002118	3	20	1	21	S	19	Allergies/Envenomations	1
2024-00002704	3	20	1	21	S	19	Allergies/Envenomations	1
2024-00008889	3	20	3	66	N	32	Hit and Run	0
2024-00008862	3	20	1	191	N	1	Traffic Stop	0
2024-00008863	3	20	1	66	E	7	Alarm	0
2024-00008864	3	20	0	191	NE	4	Disturbance/Domestic	0
2024-00008865	3	20	1	191	E	1	Traffic Stop	0
2024-00008866	3	20	1	191	N	6	Suspicious	0
2024-00008868	3	20	0	191	NE	11	Trespassing	0
2024-00008867	3	20	1	191	SE	4	Disturbance/Domestic	0
2024-00002119	3	20	51	66	W	23	Chest Pain	1
2024-00002706	3	20	51	66	W	23	Chest Pain	1
2024-00002707	3	20	1	2	NW	2	Transfer/Interfacility	1
2024-00002708	3	20	1	5	N	2	Transfer/Interfacility	1
2024-00008869	3	20	1	191	E	38	Mutual Aid	0
2024-00002120	3	21	2	66	N	17	Hemorrhage/Lacerations	1
2024-00002709	3	21	2	66	N	17	Hemorrhage/Lacerations	1
2024-00008870	3	21	0	66	W	4	Disturbance/Domestic	0
2024-00002711	3	21	0	5	N	2	Transfer/Interfacility	1
2024-00008871	3	21	3	191	NW	17	Harassment / Threats Report	0
2024-00002712	3	21	0	5	N	2	Transfer/Interfacility	1
2024-00008872	3	21	0	34	NW	51	Pick Up Partner	0
2024-00008873	3	21	0	34	NW	51	Pick Up Partner	0
2024-00008874	3	21	0	191	W	7	Alarm	0
2024-00008876	3	22	2	66	SE	8	Welfare Check	0
2024-00008875	3	22	0	191	E	1	Traffic Stop	0
2024-00008877	3	22	1	191	SE	1	Traffic Stop	0
2024-00008878	3	22	1	191	SW	1	Traffic Stop	0
2024-00002121	3	22	1	10	NW	23	Public Assist	0
2024-00008879	3	22	1	191	NE	1	Traffic Stop	0
2024-00008887	3	22	1	15	S	27	Fraud	0
2024-00008880	3	22	1	1	N	14	Follow Up	0
2024-00008881	3	22	3	191	E	1	Traffic Stop	0
2024-00008882	3	22	1	191	N	4	Disturbance/Domestic	0
2024-00008883	3	22	0	11	NE	4	Disturbance/Domestic	0
2024-00002713	3	22	1	2	NW	2	Transfer/Interfacility	1
2024-00008884	3	22	0	191	E	11	Trespassing	0
2024-00008886	3	22	0	191	E	48	Drunk Driver	0
2024-00008885	3	22	0	191	NE	32	Motorist Assist	0
2024-00002714	3	22	1	1	N	2	Transfer/Interfacility	1
2024-00008888	3	22	1	191	SW	1	Traffic Stop	0
2024-00008890	3	23	0	191	E	5	Contact a Subject	0
2024-00008892	3	23	1	191	SW	5	Contact a Subject	0
2024-00008891	3	23	0	191	NE	1	Traffic Stop	0
2024-00008893	3	23	0	191	NE	1	Traffic Stop	0
2024-00008894	3	23	0	191	E	1	Traffic Stop	0
2024-00008895	3	23	1	191	NE	32	Motorist Assist	0
2024-00000010	3	23	0	191	E	3	Sick Person	0
2024-00008896	3	23	1	66	S	1	Traffic Stop	0
2024-00008897	3	23	0	191	E	1	Traffic Stop	0
2024-00008898	3	23	1	191	SE	6	Suspicious	0
2024-00002122	3	23	1	66	NE	19	Unconscious/Fainting	1
2024-00002715	3	23	1	66	NE	19	Unconscious/Fainting	1
